-6,-2,Rx7Cb9oijukCsoqQoemOlVdjxdg=,M5JIKeAgilphupcEUcqJF7vEVCg=
-7,-2,Rx7Cb9oijukCsoqQoemOlVdjxdg=,JkM53fktJXeRBcDCl+5rODZWaeM=
-7,-3,Rx7Cb9oijukCsoqQoemOlVdjxdg=,LqbN0MkLUZDRlp5xRTkoYq0I5zE=
-6,-3,Rx7Cb9oijukCsoqQoemOlVdjxdg=,MKCckjKczuU22FFdsUNfUip+VQE=
-6,-4,Rx7Cb9oijukCsoqQoemOlVdjxdg=,MKCckjKczuU22FFdsUNfUip+VQE=
-7,-5,Rx7Cb9oijukCsoqQoemOlVdjxdg=,MGv0fNlIfBLlhfDSRNdIQZZt79U=
-7,-4,Rx7Cb9oijukCsoqQoemOlVdjxdg=,LqbN0MkLUZDRlp5xRTkoYq0I5zE=
-6,-5,Rx7Cb9oijukCsoqQoemOlVdjxdg=,BLcUh9jrtJp9WwE/1LIILrJrSUM=
-5,-5,oTKv3Dn8bKyEFmelyHpu989QgGo=,BLcUh9jrtJp9WwE/1LIILrJrSUM=
-5,-3,oTKv3Dn8bKyEFmelyHpu989QgGo=,MKCckjKczuU22FFdsUNfUip+VQE=
-4,-5,oTKv3Dn8bKyEFmelyHpu989QgGo=,z77L4qYTmPWBowVZ+5IzP5TS5ls=
-5,-4,oTKv3Dn8bKyEFmelyHpu989QgGo=,MKCckjKczuU22FFdsUNfUip+VQE=
-4,-2,oTKv3Dn8bKyEFmelyHpu989QgGo=,WfvxQ9KAvRy3twhSCiOGYDlGYw8=
-4,-4,oTKv3Dn8bKyEFmelyHpu989QgGo=,QdNDT0PNUj33UC6Q8/X6w/YRLqk=
-4,-3,oTKv3Dn8bKyEFmelyHpu989QgGo=,QdNDT0PNUj33UC6Q8/X6w/YRLqk=
-5,-2,oTKv3Dn8bKyEFmelyHpu989QgGo=,M5JIKeAgilphupcEUcqJF7vEVCg=
-4,-1,R2a8+5xYZIvud7GAGmEBWZ6WLeI=,WfvxQ9KAvRy3twhSCiOGYDlGYw8=
-5,-1,R2a8+5xYZIvud7GAGmEBWZ6WLeI=,M5JIKeAgilphupcEUcqJF7vEVCg=
-6,-1,R2a8+5xYZIvud7GAGmEBWZ6WLeI=,M5JIKeAgilphupcEUcqJF7vEVCg=
-7,-1,R2a8+5xYZIvud7GAGmEBWZ6WLeI=,JkM53fktJXeRBcDCl+5rODZWaeM=
-2,-8,R2a8+5xYZIvud7GAGmEBWZ6WLeI=,20OyQO27cwSHkxqHky9C1RSo82E=
-3,-8,R2a8+5xYZIvud7GAGmEBWZ6WLeI=,OvQQQwflkf+bivW0hYW4vZJ38/k=
-1,-8,R2a8+5xYZIvud7GAGmEBWZ6WLeI=,20OyQO27cwSHkxqHky9C1RSo82E=
-2,-1,R2a8+5xYZIvud7GAGmEBWZ6WLeI=,fEXEcWfY5dOEOYETR8Sq6YQ0Oo8=
-3,-1,R2a8+5xYZIvud7GAGmEBWZ6WLeI=,WfvxQ9KAvRy3twhSCiOGYDlGYw8=
-1,-1,R2a8+5xYZIvud7GAGmEBWZ6WLeI=,fEXEcWfY5dOEOYETR8Sq6YQ0Oo8=
-8,-6,R2a8+5xYZIvud7GAGmEBWZ6WLeI=,MGv0fNlIfBLlhfDSRNdIQZZt79U=
-8,-7,R2a8+5xYZIvud7GAGmEBWZ6WLeI=,6BUcFqtIIeogTyfSbEM40ZLMbW4=
-8,-4,R2a8+5xYZIvud7GAGmEBWZ6WLeI=,LqbN0MkLUZDRlp5xRTkoYq0I5zE=
-8,-2,R2a8+5xYZIvud7GAGmEBWZ6WLeI=,JkM53fktJXeRBcDCl+5rODZWaeM=
-8,-3,R2a8+5xYZIvud7GAGmEBWZ6WLeI=,LqbN0MkLUZDRlp5xRTkoYq0I5zE=
-8,-5,R2a8+5xYZIvud7GAGmEBWZ6WLeI=,MGv0fNlIfBLlhfDSRNdIQZZt79U=
-8,-1,R2a8+5xYZIvud7GAGmEBWZ6WLeI=,JkM53fktJXeRBcDCl+5rODZWaeM=
-8,-8,R2a8+5xYZIvud7GAGmEBWZ6WLeI=,6BUcFqtIIeogTyfSbEM40ZLMbW4=
-1,-7,R2a8+5xYZIvud7GAGmEBWZ6WLeI=,20OyQO27cwSHkxqHky9C1RSo82E=
-2,-7,R2a8+5xYZIvud7GAGmEBWZ6WLeI=,20OyQO27cwSHkxqHky9C1RSo82E=
-1,-6,R2a8+5xYZIvud7GAGmEBWZ6WLeI=,XCteUoC5uF9ZJ2ORldXEtpdkAw4=
-3,-7,R2a8+5xYZIvud7GAGmEBWZ6WLeI=,OvQQQwflkf+bivW0hYW4vZJ38/k=
-3,-6,R2a8+5xYZIvud7GAGmEBWZ6WLeI=,z77L4qYTmPWBowVZ+5IzP5TS5ls=
-2,-6,R2a8+5xYZIvud7GAGmEBWZ6WLeI=,XCteUoC5uF9ZJ2ORldXEtpdkAw4=
-1,-5,R2a8+5xYZIvud7GAGmEBWZ6WLeI=,XCteUoC5uF9ZJ2ORldXEtpdkAw4=
-2,-5,R2a8+5xYZIvud7GAGmEBWZ6WLeI=,XCteUoC5uF9ZJ2ORldXEtpdkAw4=
-3,-5,R2a8+5xYZIvud7GAGmEBWZ6WLeI=,z77L4qYTmPWBowVZ+5IzP5TS5ls=
-2,-2,R2a8+5xYZIvud7GAGmEBWZ6WLeI=,fEXEcWfY5dOEOYETR8Sq6YQ0Oo8=
-2,-3,R2a8+5xYZIvud7GAGmEBWZ6WLeI=,Et2NPlpnCY7/tCOSzfliXE37How=
-3,-2,R2a8+5xYZIvud7GAGmEBWZ6WLeI=,WfvxQ9KAvRy3twhSCiOGYDlGYw8=
-1,-4,R2a8+5xYZIvud7GAGmEBWZ6WLeI=,Et2NPlpnCY7/tCOSzfliXE37How=
-3,-3,R2a8+5xYZIvud7GAGmEBWZ6WLeI=,QdNDT0PNUj33UC6Q8/X6w/YRLqk=
-2,-4,R2a8+5xYZIvud7GAGmEBWZ6WLeI=,Et2NPlpnCY7/tCOSzfliXE37How=
-1,-3,R2a8+5xYZIvud7GAGmEBWZ6WLeI=,Et2NPlpnCY7/tCOSzfliXE37How=
-1,-2,R2a8+5xYZIvud7GAGmEBWZ6WLeI=,fEXEcWfY5dOEOYETR8Sq6YQ0Oo8=
-3,-4,R2a8+5xYZIvud7GAGmEBWZ6WLeI=,QdNDT0PNUj33UC6Q8/X6w/YRLqk=
-4,-8,R2a8+5xYZIvud7GAGmEBWZ6WLeI=,OvQQQwflkf+bivW0hYW4vZJ38/k=
-7,-7,R2a8+5xYZIvud7GAGmEBWZ6WLeI=,6BUcFqtIIeogTyfSbEM40ZLMbW4=
-5,-8,R2a8+5xYZIvud7GAGmEBWZ6WLeI=,S5ckuCAqNp7AlRPi645StOPc0nw=
-7,-6,R2a8+5xYZIvud7GAGmEBWZ6WLeI=,MGv0fNlIfBLlhfDSRNdIQZZt79U=
-6,-8,R2a8+5xYZIvud7GAGmEBWZ6WLeI=,S5ckuCAqNp7AlRPi645StOPc0nw=
-7,-8,R2a8+5xYZIvud7GAGmEBWZ6WLeI=,6BUcFqtIIeogTyfSbEM40ZLMbW4=
-5,-7,R2a8+5xYZIvud7GAGmEBWZ6WLeI=,S5ckuCAqNp7AlRPi645StOPc0nw=
-4,-7,R2a8+5xYZIvud7GAGmEBWZ6WLeI=,OvQQQwflkf+bivW0hYW4vZJ38/k=
-6,-7,R2a8+5xYZIvud7GAGmEBWZ6WLeI=,S5ckuCAqNp7AlRPi645StOPc0nw=
-6,-6,R2a8+5xYZIvud7GAGmEBWZ6WLeI=,BLcUh9jrtJp9WwE/1LIILrJrSUM=
-5,-6,R2a8+5xYZIvud7GAGmEBWZ6WLeI=,BLcUh9jrtJp9WwE/1LIILrJrSUM=
-4,-6,R2a8+5xYZIvud7GAGmEBWZ6WLeI=,z77L4qYTmPWBowVZ+5IzP5TS5ls=
