-4,6,H9PBOf8uhNBssxEO/knT9fXuFLc=,B7c/bUjQJm4hmXAXn6XbYG6PUDk=
-5,6,H9PBOf8uhNBssxEO/knT9fXuFLc=,kyBwmJWaYnx4yqsptWl8jY/dpO8=
-4,5,H9PBOf8uhNBssxEO/knT9fXuFLc=,5HFF1TIXqr6Lp3fbQNx6JNHTAZQ=
-5,5,H9PBOf8uhNBssxEO/knT9fXuFLc=,+Ai1E11uwr4isAf447AxBFYyeB8=
-7,3,xXiAh7ujGM9ah0WMHADY149J7gU=,oo1txKMyt4z8uRK84051ATj/cY0=
-5,3,xXiAh7ujGM9ah0WMHADY149J7gU=,mHUcso0YCNBj4hbckkeJmJJDNao=
-6,3,xXiAh7ujGM9ah0WMHADY149J7gU=,mHUcso0YCNBj4hbckkeJmJJDNao=
-4,3,xXiAh7ujGM9ah0WMHADY149J7gU=,GC3w/uAd2JoVe7LE55sFWydzY18=
-7,4,xXiAh7ujGM9ah0WMHADY149J7gU=,KsM8R9MRQBeLwAaMzF2JnRPTt+Q=
-4,4,xXiAh7ujGM9ah0WMHADY149J7gU=,5HFF1TIXqr6Lp3fbQNx6JNHTAZQ=
-5,4,xXiAh7ujGM9ah0WMHADY149J7gU=,+Ai1E11uwr4isAf447AxBFYyeB8=
-6,4,xXiAh7ujGM9ah0WMHADY149J7gU=,+Ai1E11uwr4isAf447AxBFYyeB8=
-7,1,h9IAlXmItYyYFccTrOLlSjb3KOo=,FQzJEpGz6Kky3Gu8C41alkt5vZA=
-6,2,h9IAlXmItYyYFccTrOLlSjb3KOo=,mHUcso0YCNBj4hbckkeJmJJDNao=
-5,1,h9IAlXmItYyYFccTrOLlSjb3KOo=,5EALVPg+jRXl2lO78pznrfS7rsg=
-7,2,h9IAlXmItYyYFccTrOLlSjb3KOo=,oo1txKMyt4z8uRK84051ATj/cY0=
-6,1,h9IAlXmItYyYFccTrOLlSjb3KOo=,5EALVPg+jRXl2lO78pznrfS7rsg=
-5,2,h9IAlXmItYyYFccTrOLlSjb3KOo=,mHUcso0YCNBj4hbckkeJmJJDNao=
-4,1,h9IAlXmItYyYFccTrOLlSjb3KOo=,W8TOX1Nmhv3JJeVBC4Hw5N7Ru28=
-4,2,h9IAlXmItYyYFccTrOLlSjb3KOo=,GC3w/uAd2JoVe7LE55sFWydzY18=
-4,7,h9IAlXmItYyYFccTrOLlSjb3KOo=,B7c/bUjQJm4hmXAXn6XbYG6PUDk=
-5,7,h9IAlXmItYyYFccTrOLlSjb3KOo=,kyBwmJWaYnx4yqsptWl8jY/dpO8=
-3,0,h9IAlXmItYyYFccTrOLlSjb3KOo=,W8TOX1Nmhv3JJeVBC4Hw5N7Ru28=
-2,0,h9IAlXmItYyYFccTrOLlSjb3KOo=,b2t3Neh5IWTqRwOERhaH3LHZWqU=
-4,0,h9IAlXmItYyYFccTrOLlSjb3KOo=,W8TOX1Nmhv3JJeVBC4Hw5N7Ru28=
-5,0,h9IAlXmItYyYFccTrOLlSjb3KOo=,5EALVPg+jRXl2lO78pznrfS7rsg=
-7,0,h9IAlXmItYyYFccTrOLlSjb3KOo=,FQzJEpGz6Kky3Gu8C41alkt5vZA=
-6,0,h9IAlXmItYyYFccTrOLlSjb3KOo=,5EALVPg+jRXl2lO78pznrfS7rsg=
-3,7,h9IAlXmItYyYFccTrOLlSjb3KOo=,B7c/bUjQJm4hmXAXn6XbYG6PUDk=
-2,7,h9IAlXmItYyYFccTrOLlSjb3KOo=,1tIzwBH40Rb1gYWVUSNJOPus/R4=
-1,7,h9IAlXmItYyYFccTrOLlSjb3KOo=,1tIzwBH40Rb1gYWVUSNJOPus/R4=
-8,4,h9IAlXmItYyYFccTrOLlSjb3KOo=,KsM8R9MRQBeLwAaMzF2JnRPTt+Q=
-8,3,h9IAlXmItYyYFccTrOLlSjb3KOo=,oo1txKMyt4z8uRK84051ATj/cY0=
-8,1,h9IAlXmItYyYFccTrOLlSjb3KOo=,FQzJEpGz6Kky3Gu8C41alkt5vZA=
-8,2,h9IAlXmItYyYFccTrOLlSjb3KOo=,oo1txKMyt4z8uRK84051ATj/cY0=
-8,0,h9IAlXmItYyYFccTrOLlSjb3KOo=,FQzJEpGz6Kky3Gu8C41alkt5vZA=
-1,0,h9IAlXmItYyYFccTrOLlSjb3KOo=,b2t3Neh5IWTqRwOERhaH3LHZWqU=
-8,7,V8gc8PDXdl+FSscRMbgyHhMIzXc=,MY9IR4PQMMItAyCPE8/tWW8f29s=
-7,7,V8gc8PDXdl+FSscRMbgyHhMIzXc=,MY9IR4PQMMItAyCPE8/tWW8f29s=
-7,5,V8gc8PDXdl+FSscRMbgyHhMIzXc=,KsM8R9MRQBeLwAaMzF2JnRPTt+Q=
-6,6,V8gc8PDXdl+FSscRMbgyHhMIzXc=,kyBwmJWaYnx4yqsptWl8jY/dpO8=
-8,5,V8gc8PDXdl+FSscRMbgyHhMIzXc=,KsM8R9MRQBeLwAaMzF2JnRPTt+Q=
-6,7,V8gc8PDXdl+FSscRMbgyHhMIzXc=,kyBwmJWaYnx4yqsptWl8jY/dpO8=
-8,6,V8gc8PDXdl+FSscRMbgyHhMIzXc=,MY9IR4PQMMItAyCPE8/tWW8f29s=
-7,6,V8gc8PDXdl+FSscRMbgyHhMIzXc=,MY9IR4PQMMItAyCPE8/tWW8f29s=
-6,5,V8gc8PDXdl+FSscRMbgyHhMIzXc=,+Ai1E11uwr4isAf447AxBFYyeB8=
-2,1,V8gc8PDXdl+FSscRMbgyHhMIzXc=,b2t3Neh5IWTqRwOERhaH3LHZWqU=
-3,2,V8gc8PDXdl+FSscRMbgyHhMIzXc=,GC3w/uAd2JoVe7LE55sFWydzY18=
-1,2,V8gc8PDXdl+FSscRMbgyHhMIzXc=,uYJA5aHpcsbmK8Q95V/bLe+BHHs=
-3,1,V8gc8PDXdl+FSscRMbgyHhMIzXc=,W8TOX1Nmhv3JJeVBC4Hw5N7Ru28=
-2,2,V8gc8PDXdl+FSscRMbgyHhMIzXc=,uYJA5aHpcsbmK8Q95V/bLe+BHHs=
-1,1,V8gc8PDXdl+FSscRMbgyHhMIzXc=,b2t3Neh5IWTqRwOERhaH3LHZWqU=
-3,4,V8gc8PDXdl+FSscRMbgyHhMIzXc=,5HFF1TIXqr6Lp3fbQNx6JNHTAZQ=
-3,6,V8gc8PDXdl+FSscRMbgyHhMIzXc=,B7c/bUjQJm4hmXAXn6XbYG6PUDk=
-1,3,V8gc8PDXdl+FSscRMbgyHhMIzXc=,uYJA5aHpcsbmK8Q95V/bLe+BHHs=
-2,4,V8gc8PDXdl+FSscRMbgyHhMIzXc=,yhtlMPkYrMk2kv/8r7QmZVLGsek=
-3,5,V8gc8PDXdl+FSscRMbgyHhMIzXc=,5HFF1TIXqr6Lp3fbQNx6JNHTAZQ=
-3,3,V8gc8PDXdl+FSscRMbgyHhMIzXc=,GC3w/uAd2JoVe7LE55sFWydzY18=
-1,4,V8gc8PDXdl+FSscRMbgyHhMIzXc=,yhtlMPkYrMk2kv/8r7QmZVLGsek=
-1,6,V8gc8PDXdl+FSscRMbgyHhMIzXc=,1tIzwBH40Rb1gYWVUSNJOPus/R4=
-2,3,V8gc8PDXdl+FSscRMbgyHhMIzXc=,uYJA5aHpcsbmK8Q95V/bLe+BHHs=
-2,6,V8gc8PDXdl+FSscRMbgyHhMIzXc=,1tIzwBH40Rb1gYWVUSNJOPus/R4=
-1,5,V8gc8PDXdl+FSscRMbgyHhMIzXc=,yhtlMPkYrMk2kv/8r7QmZVLGsek=
-2,5,V8gc8PDXdl+FSscRMbgyHhMIzXc=,yhtlMPkYrMk2kv/8r7QmZVLGsek=
