2,-4,nlZy6q15O5xuYcRAgLI+XZ/zgjw=,CYiJvZtt2AwK60CRRuEhB7cSFTM=
2,-5,nlZy6q15O5xuYcRAgLI+XZ/zgjw=,g6n8SkBVsu+Fl9kBO0f+dznlLAU=
1,-5,nlZy6q15O5xuYcRAgLI+XZ/zgjw=,E+yfFTLyReZ+hhbUt2mxxfquMSs=
1,-4,nlZy6q15O5xuYcRAgLI+XZ/zgjw=,/CxiZ3nzLaOnIMn90cE7RwQLLR8=
6,-6,kWLr2P4H5j6qLJp25cUxqZUw9uI=,jZDquN3dpLXzWG6zei2TYNX6mng=
3,-5,kWLr2P4H5j6qLJp25cUxqZUw9uI=,g6n8SkBVsu+Fl9kBO0f+dznlLAU=
5,-7,kWLr2P4H5j6qLJp25cUxqZUw9uI=,AzhnpgdQzrAGCtR08vrFAvpuhA0=
3,-2,kWLr2P4H5j6qLJp25cUxqZUw9uI=,PiUXE4KCgjQAjsPyM69mxgLz/50=
5,-5,kWLr2P4H5j6qLJp25cUxqZUw9uI=,+waYZXiaHBn5PNITaUa3E0zZPeE=
5,-4,kWLr2P4H5j6qLJp25cUxqZUw9uI=,oJRjg+PxWA8wFyaaCdaIsXgaRLQ=
4,-5,kWLr2P4H5j6qLJp25cUxqZUw9uI=,+waYZXiaHBn5PNITaUa3E0zZPeE=
5,-6,kWLr2P4H5j6qLJp25cUxqZUw9uI=,+waYZXiaHBn5PNITaUa3E0zZPeE=
6,-5,kWLr2P4H5j6qLJp25cUxqZUw9uI=,jZDquN3dpLXzWG6zei2TYNX6mng=
6,-7,kWLr2P4H5j6qLJp25cUxqZUw9uI=,urkFcy6bqDLCGDxBFMrr8k5cS/E=
6,-4,kWLr2P4H5j6qLJp25cUxqZUw9uI=,JYp+BNCK2I9ZCV61OrirWtGpQ8A=
4,-3,kWLr2P4H5j6qLJp25cUxqZUw9uI=,oJRjg+PxWA8wFyaaCdaIsXgaRLQ=
3,-3,kWLr2P4H5j6qLJp25cUxqZUw9uI=,CYiJvZtt2AwK60CRRuEhB7cSFTM=
4,-4,kWLr2P4H5j6qLJp25cUxqZUw9uI=,oJRjg+PxWA8wFyaaCdaIsXgaRLQ=
4,-2,kWLr2P4H5j6qLJp25cUxqZUw9uI=,s+xIeFZ+pI9LI7QNG5Z2QEWdfKw=
3,-4,kWLr2P4H5j6qLJp25cUxqZUw9uI=,CYiJvZtt2AwK60CRRuEhB7cSFTM=
7,-4,kWLr2P4H5j6qLJp25cUxqZUw9uI=,JYp+BNCK2I9ZCV61OrirWtGpQ8A=
7,-5,kWLr2P4H5j6qLJp25cUxqZUw9uI=,jZDquN3dpLXzWG6zei2TYNX6mng=
4,-1,kWLr2P4H5j6qLJp25cUxqZUw9uI=,s+xIeFZ+pI9LI7QNG5Z2QEWdfKw=
3,-1,kWLr2P4H5j6qLJp25cUxqZUw9uI=,PiUXE4KCgjQAjsPyM69mxgLz/50=
5,-3,kWLr2P4H5j6qLJp25cUxqZUw9uI=,oJRjg+PxWA8wFyaaCdaIsXgaRLQ=
5,-2,kWLr2P4H5j6qLJp25cUxqZUw9uI=,s+xIeFZ+pI9LI7QNG5Z2QEWdfKw=
5,-1,kWLr2P4H5j6qLJp25cUxqZUw9uI=,s+xIeFZ+pI9LI7QNG5Z2QEWdfKw=
7,-3,kWLr2P4H5j6qLJp25cUxqZUw9uI=,JYp+BNCK2I9ZCV61OrirWtGpQ8A=
6,-3,kWLr2P4H5j6qLJp25cUxqZUw9uI=,JYp+BNCK2I9ZCV61OrirWtGpQ8A=
7,-2,kWLr2P4H5j6qLJp25cUxqZUw9uI=,Jtsw8ECokTMRIXQ1/5h+c00vuDo=
6,-1,kWLr2P4H5j6qLJp25cUxqZUw9uI=,Jtsw8ECokTMRIXQ1/5h+c00vuDo=
6,-2,kWLr2P4H5j6qLJp25cUxqZUw9uI=,Jtsw8ECokTMRIXQ1/5h+c00vuDo=
0,-5,uzkAk1bp3icSX3cl5mIeN2Ihxjs=,E+yfFTLyReZ+hhbUt2mxxfquMSs=
7,-6,uzkAk1bp3icSX3cl5mIeN2Ihxjs=,jZDquN3dpLXzWG6zei2TYNX6mng=
7,-7,uzkAk1bp3icSX3cl5mIeN2Ihxjs=,urkFcy6bqDLCGDxBFMrr8k5cS/E=
5,-8,uzkAk1bp3icSX3cl5mIeN2Ihxjs=,AzhnpgdQzrAGCtR08vrFAvpuhA0=
6,-8,uzkAk1bp3icSX3cl5mIeN2Ihxjs=,urkFcy6bqDLCGDxBFMrr8k5cS/E=
7,-8,uzkAk1bp3icSX3cl5mIeN2Ihxjs=,urkFcy6bqDLCGDxBFMrr8k5cS/E=
7,-1,uzkAk1bp3icSX3cl5mIeN2Ihxjs=,Jtsw8ECokTMRIXQ1/5h+c00vuDo=
0,-4,uzkAk1bp3icSX3cl5mIeN2Ihxjs=,/CxiZ3nzLaOnIMn90cE7RwQLLR8=
3,-8,uzkAk1bp3icSX3cl5mIeN2Ihxjs=,YgvGQP+QjcR3ryc+BYDy7R75J1w=
4,-8,uzkAk1bp3icSX3cl5mIeN2Ihxjs=,AzhnpgdQzrAGCtR08vrFAvpuhA0=
3,-7,uzkAk1bp3icSX3cl5mIeN2Ihxjs=,YgvGQP+QjcR3ryc+BYDy7R75J1w=
4,-7,uzkAk1bp3icSX3cl5mIeN2Ihxjs=,AzhnpgdQzrAGCtR08vrFAvpuhA0=
4,-6,uzkAk1bp3icSX3cl5mIeN2Ihxjs=,+waYZXiaHBn5PNITaUa3E0zZPeE=
3,-6,uzkAk1bp3icSX3cl5mIeN2Ihxjs=,g6n8SkBVsu+Fl9kBO0f+dznlLAU=
2,-8,uzkAk1bp3icSX3cl5mIeN2Ihxjs=,YgvGQP+QjcR3ryc+BYDy7R75J1w=
0,-8,uzkAk1bp3icSX3cl5mIeN2Ihxjs=,ps7dJEj937ns9PPOwaOMTkRfwEI=
0,-6,uzkAk1bp3icSX3cl5mIeN2Ihxjs=,E+yfFTLyReZ+hhbUt2mxxfquMSs=
1,-8,uzkAk1bp3icSX3cl5mIeN2Ihxjs=,ps7dJEj937ns9PPOwaOMTkRfwEI=
2,-7,uzkAk1bp3icSX3cl5mIeN2Ihxjs=,YgvGQP+QjcR3ryc+BYDy7R75J1w=
1,-7,uzkAk1bp3icSX3cl5mIeN2Ihxjs=,ps7dJEj937ns9PPOwaOMTkRfwEI=
0,-7,uzkAk1bp3icSX3cl5mIeN2Ihxjs=,ps7dJEj937ns9PPOwaOMTkRfwEI=
2,-6,uzkAk1bp3icSX3cl5mIeN2Ihxjs=,g6n8SkBVsu+Fl9kBO0f+dznlLAU=
1,-6,uzkAk1bp3icSX3cl5mIeN2Ihxjs=,E+yfFTLyReZ+hhbUt2mxxfquMSs=
2,-1,uzkAk1bp3icSX3cl5mIeN2Ihxjs=,PiUXE4KCgjQAjsPyM69mxgLz/50=
1,-3,uzkAk1bp3icSX3cl5mIeN2Ihxjs=,/CxiZ3nzLaOnIMn90cE7RwQLLR8=
1,-1,uzkAk1bp3icSX3cl5mIeN2Ihxjs=,4aQ6PX+Lo0focS6pCO9k4/SchNw=
2,-2,uzkAk1bp3icSX3cl5mIeN2Ihxjs=,PiUXE4KCgjQAjsPyM69mxgLz/50=
0,-2,uzkAk1bp3icSX3cl5mIeN2Ihxjs=,4aQ6PX+Lo0focS6pCO9k4/SchNw=
0,-3,uzkAk1bp3icSX3cl5mIeN2Ihxjs=,/CxiZ3nzLaOnIMn90cE7RwQLLR8=
1,-2,uzkAk1bp3icSX3cl5mIeN2Ihxjs=,4aQ6PX+Lo0focS6pCO9k4/SchNw=
2,-3,uzkAk1bp3icSX3cl5mIeN2Ihxjs=,CYiJvZtt2AwK60CRRuEhB7cSFTM=
0,-1,uzkAk1bp3icSX3cl5mIeN2Ihxjs=,4aQ6PX+Lo0focS6pCO9k4/SchNw=
