1,2,Y3UTgS3KFvJuEuUIjKSKzr1OEJ8=,Vs9vOYEDWMe4L2lUB8tUtlDNauM=
2,1,Y3UTgS3KFvJuEuUIjKSKzr1OEJ8=,hpUzPTgesSs9g75sDmrwGUo1EYk=
1,1,Y3UTgS3KFvJuEuUIjKSKzr1OEJ8=,gURLRgrTjoZxBcif7ur6eYE3Zr4=
2,2,Y3UTgS3KFvJuEuUIjKSKzr1OEJ8=,P41RT9+kWaUveH70tZidKaOKSsM=
2,5,Y3UTgS3KFvJuEuUIjKSKzr1OEJ8=,HWi76fZU4RnvT7WG0LWOQEIhjgs=
1,5,Y3UTgS3KFvJuEuUIjKSKzr1OEJ8=,6jv4l563svw1STt7jJeCI4qGVdw=
2,4,Y3UTgS3KFvJuEuUIjKSKzr1OEJ8=,HWi76fZU4RnvT7WG0LWOQEIhjgs=
2,6,Y3UTgS3KFvJuEuUIjKSKzr1OEJ8=,/lXNc8nuRUVkCWXxot2Boa0UTfU=
1,4,Y3UTgS3KFvJuEuUIjKSKzr1OEJ8=,6jv4l563svw1STt7jJeCI4qGVdw=
1,6,Y3UTgS3KFvJuEuUIjKSKzr1OEJ8=,hmhkWB7VPA5yQn+aZ0Rvb/Nxq2g=
1,3,Y3UTgS3KFvJuEuUIjKSKzr1OEJ8=,Vs9vOYEDWMe4L2lUB8tUtlDNauM=
2,3,Y3UTgS3KFvJuEuUIjKSKzr1OEJ8=,P41RT9+kWaUveH70tZidKaOKSsM=
3,6,NIGTzapvpr+YQLdllRrrkVDLdEM=,/lXNc8nuRUVkCWXxot2Boa0UTfU=
4,6,NIGTzapvpr+YQLdllRrrkVDLdEM=,ZitEkhP+bFXfhMNarER+juJfmqs=
3,5,NIGTzapvpr+YQLdllRrrkVDLdEM=,HWi76fZU4RnvT7WG0LWOQEIhjgs=
4,5,NIGTzapvpr+YQLdllRrrkVDLdEM=,Vj/V1+rQAKGHdVnXMaZbuNfVwm8=
4,3,CTldDCHTp6JUmnmYCvHTRH+s9Wg=,KBE/Sb3L7blbvcAOVNKnaJNxwx0=
3,4,CTldDCHTp6JUmnmYCvHTRH+s9Wg=,HWi76fZU4RnvT7WG0LWOQEIhjgs=
3,3,CTldDCHTp6JUmnmYCvHTRH+s9Wg=,P41RT9+kWaUveH70tZidKaOKSsM=
4,4,CTldDCHTp6JUmnmYCvHTRH+s9Wg=,Vj/V1+rQAKGHdVnXMaZbuNfVwm8=
5,3,CTldDCHTp6JUmnmYCvHTRH+s9Wg=,KBE/Sb3L7blbvcAOVNKnaJNxwx0=
6,3,CTldDCHTp6JUmnmYCvHTRH+s9Wg=,i2/+0pnVaL2BS7cwayrWItIbsrM=
6,4,CTldDCHTp6JUmnmYCvHTRH+s9Wg=,OULtul1+PBubRmDzW6ny5toWu6g=
5,4,CTldDCHTp6JUmnmYCvHTRH+s9Wg=,Vj/V1+rQAKGHdVnXMaZbuNfVwm8=
4,2,CTldDCHTp6JUmnmYCvHTRH+s9Wg=,KBE/Sb3L7blbvcAOVNKnaJNxwx0=
3,1,CTldDCHTp6JUmnmYCvHTRH+s9Wg=,hpUzPTgesSs9g75sDmrwGUo1EYk=
4,1,CTldDCHTp6JUmnmYCvHTRH+s9Wg=,mJVlBdRLCkbkLE9nWWvIMsAuSaQ=
3,2,CTldDCHTp6JUmnmYCvHTRH+s9Wg=,P41RT9+kWaUveH70tZidKaOKSsM=
6,6,CTldDCHTp6JUmnmYCvHTRH+s9Wg=,SQLHZBCXV7kpAbayIIQVs10jpA4=
6,5,CTldDCHTp6JUmnmYCvHTRH+s9Wg=,OULtul1+PBubRmDzW6ny5toWu6g=
5,6,CTldDCHTp6JUmnmYCvHTRH+s9Wg=,ZitEkhP+bFXfhMNarER+juJfmqs=
5,5,CTldDCHTp6JUmnmYCvHTRH+s9Wg=,Vj/V1+rQAKGHdVnXMaZbuNfVwm8=
2,0,CTldDCHTp6JUmnmYCvHTRH+s9Wg=,hpUzPTgesSs9g75sDmrwGUo1EYk=
0,0,CTldDCHTp6JUmnmYCvHTRH+s9Wg=,gURLRgrTjoZxBcif7ur6eYE3Zr4=
1,0,CTldDCHTp6JUmnmYCvHTRH+s9Wg=,gURLRgrTjoZxBcif7ur6eYE3Zr4=
4,0,CTldDCHTp6JUmnmYCvHTRH+s9Wg=,mJVlBdRLCkbkLE9nWWvIMsAuSaQ=
3,0,CTldDCHTp6JUmnmYCvHTRH+s9Wg=,hpUzPTgesSs9g75sDmrwGUo1EYk=
0,1,CTldDCHTp6JUmnmYCvHTRH+s9Wg=,gURLRgrTjoZxBcif7ur6eYE3Zr4=
0,2,CTldDCHTp6JUmnmYCvHTRH+s9Wg=,Vs9vOYEDWMe4L2lUB8tUtlDNauM=
2,7,CTldDCHTp6JUmnmYCvHTRH+s9Wg=,/lXNc8nuRUVkCWXxot2Boa0UTfU=
1,7,CTldDCHTp6JUmnmYCvHTRH+s9Wg=,hmhkWB7VPA5yQn+aZ0Rvb/Nxq2g=
6,7,CTldDCHTp6JUmnmYCvHTRH+s9Wg=,SQLHZBCXV7kpAbayIIQVs10jpA4=
5,7,CTldDCHTp6JUmnmYCvHTRH+s9Wg=,ZitEkhP+bFXfhMNarER+juJfmqs=
4,7,CTldDCHTp6JUmnmYCvHTRH+s9Wg=,ZitEkhP+bFXfhMNarER+juJfmqs=
3,7,CTldDCHTp6JUmnmYCvHTRH+s9Wg=,/lXNc8nuRUVkCWXxot2Boa0UTfU=
7,3,CTldDCHTp6JUmnmYCvHTRH+s9Wg=,i2/+0pnVaL2BS7cwayrWItIbsrM=
7,5,CTldDCHTp6JUmnmYCvHTRH+s9Wg=,OULtul1+PBubRmDzW6ny5toWu6g=
7,4,CTldDCHTp6JUmnmYCvHTRH+s9Wg=,OULtul1+PBubRmDzW6ny5toWu6g=
7,6,CTldDCHTp6JUmnmYCvHTRH+s9Wg=,SQLHZBCXV7kpAbayIIQVs10jpA4=
7,7,CTldDCHTp6JUmnmYCvHTRH+s9Wg=,SQLHZBCXV7kpAbayIIQVs10jpA4=
7,1,CTldDCHTp6JUmnmYCvHTRH+s9Wg=,DXu3/0S+w+keUps4MgL8p80cC4U=
5,0,CTldDCHTp6JUmnmYCvHTRH+s9Wg=,mJVlBdRLCkbkLE9nWWvIMsAuSaQ=
6,1,CTldDCHTp6JUmnmYCvHTRH+s9Wg=,DXu3/0S+w+keUps4MgL8p80cC4U=
7,0,CTldDCHTp6JUmnmYCvHTRH+s9Wg=,DXu3/0S+w+keUps4MgL8p80cC4U=
5,1,CTldDCHTp6JUmnmYCvHTRH+s9Wg=,mJVlBdRLCkbkLE9nWWvIMsAuSaQ=
6,0,CTldDCHTp6JUmnmYCvHTRH+s9Wg=,DXu3/0S+w+keUps4MgL8p80cC4U=
7,2,CTldDCHTp6JUmnmYCvHTRH+s9Wg=,i2/+0pnVaL2BS7cwayrWItIbsrM=
5,2,CTldDCHTp6JUmnmYCvHTRH+s9Wg=,KBE/Sb3L7blbvcAOVNKnaJNxwx0=
6,2,CTldDCHTp6JUmnmYCvHTRH+s9Wg=,i2/+0pnVaL2BS7cwayrWItIbsrM=
0,7,CTldDCHTp6JUmnmYCvHTRH+s9Wg=,hmhkWB7VPA5yQn+aZ0Rvb/Nxq2g=
0,6,CTldDCHTp6JUmnmYCvHTRH+s9Wg=,hmhkWB7VPA5yQn+aZ0Rvb/Nxq2g=
0,4,CTldDCHTp6JUmnmYCvHTRH+s9Wg=,6jv4l563svw1STt7jJeCI4qGVdw=
0,3,HPJMJsFymCj7J5EBolapBbdqQ4w=,Vs9vOYEDWMe4L2lUB8tUtlDNauM=
0,5,HPJMJsFymCj7J5EBolapBbdqQ4w=,6jv4l563svw1STt7jJeCI4qGVdw=
