-2,2,+Lalg2W+zQ6zz6tP8DIqBU7x1Xw=,KlDikKouiPM9X7LscGasRJ85Moo=
-2,3,+Lalg2W+zQ6zz6tP8DIqBU7x1Xw=,qi8m/cH3acz09L3O1RLicEu5aRg=
-2,0,+Lalg2W+zQ6zz6tP8DIqBU7x1Xw=,G/bXPPFrGAw3mqQZHszEa4FqHW4=
-2,1,OYxyaZfyTndS0vB9cy6iGp6g+To=,/mW1qB34X9xbM9TvbFaZqLblfjA=
-1,3,OYxyaZfyTndS0vB9cy6iGp6g+To=,4Kicfgi1Esz4oVDXUyarvGdIIOc=
-1,2,OYxyaZfyTndS0vB9cy6iGp6g+To=,e/BjzENnoKkDPFfFlQa6vS1hyq4=
-1,1,OYxyaZfyTndS0vB9cy6iGp6g+To=,e/BjzENnoKkDPFfFlQa6vS1hyq4=
-1,0,OYxyaZfyTndS0vB9cy6iGp6g+To=,yUKd2z5D18rHBT9Dfii/VjjLU80=
-4,0,OYxyaZfyTndS0vB9cy6iGp6g+To=,mNrxuE5zjZkWsfB3/FvlqjMUg2s=
-4,1,OYxyaZfyTndS0vB9cy6iGp6g+To=,PBrFbbgn6qnaVwPr7UdU7vNWvR0=
-4,2,OYxyaZfyTndS0vB9cy6iGp6g+To=,G11rg2YSMnPPhg51swn/zFiuFyY=
-4,3,OYxyaZfyTndS0vB9cy6iGp6g+To=,e/BjzENnoKkDPFfFlQa6vS1hyq4=
-3,1,rrlrKuH0rn0Heyfjg4X+3ErtvSE=,tYTjqaDtpLeh6TM7SdggoYzSl24=
-3,0,rrlrKuH0rn0Heyfjg4X+3ErtvSE=,mNrxuE5zjZkWsfB3/FvlqjMUg2s=
-3,3,rrlrKuH0rn0Heyfjg4X+3ErtvSE=,6Sma/3vXf798JGsH9PTuDdMm3os=
-3,2,rrlrKuH0rn0Heyfjg4X+3ErtvSE=,GY0/1rbjcOnPwWhczBUmBYHZbCg=
