-1,-1,OYxyaZfyTndS0vB9cy6iGp6g+To=,Ez0xU4Ak5Fc35DPsr5Kw6uQYiV0=
-1,-2,OYxyaZfyTndS0vB9cy6iGp6g+To=,Ez0xU4Ak5Fc35DPsr5Kw6uQYiV0=
-1,-3,OYxyaZfyTndS0vB9cy6iGp6g+To=,Ez0xU4Ak5Fc35DPsr5Kw6uQYiV0=
-1,-4,OYxyaZfyTndS0vB9cy6iGp6g+To=,Ez0xU4Ak5Fc35DPsr5Kw6uQYiV0=
-2,-2,OYxyaZfyTndS0vB9cy6iGp6g+To=,AUQh/gZ/ah3X4kYLwl4NddXzzfg=
-2,-1,OYxyaZfyTndS0vB9cy6iGp6g+To=,fvrI24BDaSzYUdP27ozELArRoWY=
-2,-4,OYxyaZfyTndS0vB9cy6iGp6g+To=,Ez0xU4Ak5Fc35DPsr5Kw6uQYiV0=
-2,-3,OYxyaZfyTndS0vB9cy6iGp6g+To=,yIrtkkIYBrrVuffWTPENmehJ1OM=
-3,-3,OYxyaZfyTndS0vB9cy6iGp6g+To=,ki0vIUh4SBnu+I2oCCv62EVIDrw=
-3,-4,OYxyaZfyTndS0vB9cy6iGp6g+To=,Ez0xU4Ak5Fc35DPsr5Kw6uQYiV0=
-3,-1,OYxyaZfyTndS0vB9cy6iGp6g+To=,WmykBrWOUkTAt+OIVPUEjldJKrI=
-3,-2,OYxyaZfyTndS0vB9cy6iGp6g+To=,MxRvkILwbTChGBy4pTRggJoRv/w=
-4,-4,OYxyaZfyTndS0vB9cy6iGp6g+To=,Ez0xU4Ak5Fc35DPsr5Kw6uQYiV0=
-4,-3,OYxyaZfyTndS0vB9cy6iGp6g+To=,Hk6qp5vrRa5puZe7D2kO/GUqwpg=
-4,-2,OYxyaZfyTndS0vB9cy6iGp6g+To=,ZZ0gsAHwsRQPzGAIWLbkDDT3I/E=
-4,-1,OYxyaZfyTndS0vB9cy6iGp6g+To=,w5XOgITiEZjffdjYu0SoCEx6yV4=
