2,-2,+Lalg2W+zQ6zz6tP8DIqBU7x1Xw=,p2JH8ntAM8qOv1QOY5moe5fSxzM=
2,-1,+Lalg2W+zQ6zz6tP8DIqBU7x1Xw=,p2JH8ntAM8qOv1QOY5moe5fSxzM=
2,-4,+Lalg2W+zQ6zz6tP8DIqBU7x1Xw=,WNSLFeJPzWajFkrlfC8x1s/oFPk=
2,-3,OYxyaZfyTndS0vB9cy6iGp6g+To=,f/QdUPyuIWB1KymQDn9k0Y4NxFQ=
1,-3,OYxyaZfyTndS0vB9cy6iGp6g+To=,1fj46dhB/2TDMiAP+Y+vFKwaRxg=
1,-4,OYxyaZfyTndS0vB9cy6iGp6g+To=,lAuIGSBlL6E1pykB+Oep+g54688=
1,-1,OYxyaZfyTndS0vB9cy6iGp6g+To=,10q/Wc4sIucwjaekkOnP32axcyM=
1,-2,OYxyaZfyTndS0vB9cy6iGp6g+To=,RdvfcaMsk6vRrkE6sBQRfW15fYY=
0,-4,OYxyaZfyTndS0vB9cy6iGp6g+To=,lAuIGSBlL6E1pykB+Oep+g54688=
0,-3,OYxyaZfyTndS0vB9cy6iGp6g+To=,bks934VrDgFSn9XkP/5v0TtNG5A=
0,-2,OYxyaZfyTndS0vB9cy6iGp6g+To=,c3deIWr+PjwEBt9gzyaQ0mkr9do=
0,-1,OYxyaZfyTndS0vB9cy6iGp6g+To=,lAuIGSBlL6E1pykB+Oep+g54688=
3,-1,rrlrKuH0rn0Heyfjg4X+3ErtvSE=,J6QII4IWvRC19g56ODvNQNR8fQY=
3,-2,rrlrKuH0rn0Heyfjg4X+3ErtvSE=,p2JH8ntAM8qOv1QOY5moe5fSxzM=
3,-3,rrlrKuH0rn0Heyfjg4X+3ErtvSE=,UXmgwTaS+Ks5LYBpH+h5NthSDVM=
3,-4,rrlrKuH0rn0Heyfjg4X+3ErtvSE=,yzD2czBS79W0p82SBhrUGTh/iv0=
