0,0,+Lalg2W+zQ6zz6tP8DIqBU7x1Xw=,a1Svic0g27Ly9gd7evyfSc4G3OM=
0,1,+Lalg2W+zQ6zz6tP8DIqBU7x1Xw=,Jq3f3e1CG4CDaLQCaQM29ysSCyo=
0,2,+Lalg2W+zQ6zz6tP8DIqBU7x1Xw=,Jq3f3e1CG4CDaLQCaQM29ysSCyo=
0,3,+Lalg2W+zQ6zz6tP8DIqBU7x1Xw=,CZW6219OVaTTRPWx1TIA44iiftY=
1,1,OYxyaZfyTndS0vB9cy6iGp6g+To=,cof3zxSbtDJShMjf1duvrR/XA6g=
1,0,OYxyaZfyTndS0vB9cy6iGp6g+To=,9Ey783+zkHw+Iw+XzGZ1JiUMBE8=
1,3,OYxyaZfyTndS0vB9cy6iGp6g+To=,po12M9w0M0h0CPEaHzuxfjPhJLs=
1,2,OYxyaZfyTndS0vB9cy6iGp6g+To=,KRViKQ6ud373YXw+YmIcdz3Prq4=
2,2,OYxyaZfyTndS0vB9cy6iGp6g+To=,idNy0XivSzlYmB6/iuUrS2tLiEo=
2,3,OYxyaZfyTndS0vB9cy6iGp6g+To=,qShRQHoKc9P2QcPlVPYqrTkipVc=
2,0,OYxyaZfyTndS0vB9cy6iGp6g+To=,ac/ZP/KqtAvihxzVwxWyhWDAYoc=
2,1,OYxyaZfyTndS0vB9cy6iGp6g+To=,ac/ZP/KqtAvihxzVwxWyhWDAYoc=
3,3,OYxyaZfyTndS0vB9cy6iGp6g+To=,ac/ZP/KqtAvihxzVwxWyhWDAYoc=
3,2,OYxyaZfyTndS0vB9cy6iGp6g+To=,ac/ZP/KqtAvihxzVwxWyhWDAYoc=
3,1,OYxyaZfyTndS0vB9cy6iGp6g+To=,ac/ZP/KqtAvihxzVwxWyhWDAYoc=
3,0,OYxyaZfyTndS0vB9cy6iGp6g+To=,ac/ZP/KqtAvihxzVwxWyhWDAYoc=
